﻿Designator,Quantity,Value,Footprint,Package,MPN,DNP,Mount_Type,DigiKey_Part_Number,SnapEDA_Link,Description_1,Check_prices,STANDARD,PARTREV,MF,MP,MANUFACTURER,Description
"J1001, J1002, J1003, J1004",4,0985-0-15-20-71-14-11-0,MILL-MAX_0985-0-15-20-71-14-11-0,None,,,tht,ED1122-ND,https://www.snapeda.com/parts/0985-0-15-20-71-14-11-0/Mill-Max/view-part/?ref=snap,"
                        
                            Contact Probes Spring Loaded Pin .247, Sldr Mnt, 20u | Mill-Max 0985-0-15-20-71-14-11-0
                        
",https://www.snapeda.com/parts/0985-0-15-20-71-14-11-0/Mill-Max/view-part/?ref=eda,Manufacturer Recommendations,3/8/22,Mill-Max Manufacturing,0985-0-15-20-71-14-11-0,Mill-Max Manufacturing Corp.,
J1005,1,~,8-pin-clip,,,,smt,,,,,,,,,,
J1006,1,Conn_01x04,PinHeader_1x04_P2.54mm_Vertical,,,Yes,tht,,,,,,,,,,"Generic connector, single row, 01x04, script generated (kicad-library-utils/schlib/autogen/connector/)"
"U1001, U1002, U1003",3,~,6218-0-00-15-00-00-03-0,,,,tht,,,,,,,,,,
